windowNumber,session,lowCutoff,highCutoff
1,adaptation,5,30
2,adaptation,5,30
3,adaptation,5,15
4,adaptation,5,30
5,adaptation,5,30
6,adaptation,5,30
7,adaptation,5,20
8,adaptation,5,15
9,adaptation,5,40
10,adaptation,5,35
11,adaptation,5,25
12,adaptation,5,25
13,adaptation,5,25
14,adaptation,5,25
15,adaptation,5,15
16,adaptation,5,20
17,adaptation,5,20
18,adaptation,5,20
19,adaptation,5,30
20,adaptation,5,40
21,adaptation,5,25
22,adaptation,5,35
23,adaptation,5,25
24,adaptation,5,30
25,adaptation,5,35
26,adaptation,5,20
27,adaptation,5,15
28,adaptation,5,30
29,adaptation,5,20
30,adaptation,5,20
31,adaptation,5,30
32,adaptation,5,15
33,adaptation,5,20
34,adaptation,5,15
35,adaptation,5,15
36,adaptation,5,15
37,adaptation,5,40
38,adaptation,5,15
39,adaptation,5,20
40,adaptation,5,15
41,adaptation,5,30
42,adaptation,5,35
43,adaptation,5,25
44,adaptation,5,30
45,adaptation,5,25
46,adaptation,5,35
47,adaptation,5,20
48,adaptation,5,20
49,adaptation,5,25
50,adaptation,5,20
51,adaptation,5,20
52,adaptation,5,35
53,adaptation,5,20
54,adaptation,5,20
55,adaptation,5,20
56,adaptation,5,30
57,adaptation,5,40
58,adaptation,5,20
59,adaptation,5,20
60,adaptation,5,20
61,adaptation,5,15
62,adaptation,5,25
63,adaptation,5,20
64,adaptation,5,15
65,adaptation,5,35
66,adaptation,5,15
67,adaptation,5,15
68,adaptation,5,15
69,adaptation,5,15
70,adaptation,5,20
71,adaptation,5,40
72,adaptation,5,35
73,adaptation,5,25
74,adaptation,5,15
75,adaptation,5,15
76,adaptation,5,25
77,adaptation,5,25
78,adaptation,5,15
79,adaptation,5,15
80,adaptation,5,30
81,adaptation,5,15
82,adaptation,5,15
83,adaptation,5,15
84,adaptation,5,30
85,adaptation,5,30
86,adaptation,5,15
87,adaptation,5,15
88,adaptation,5,15
89,adaptation,5,20
90,adaptation,5,35
91,adaptation,5,25
92,adaptation,5,30
93,adaptation,5,30
94,adaptation,5,30
95,adaptation,5,20
96,adaptation,5,35
97,adaptation,5,15
98,adaptation,5,15
99,adaptation,5,35
100,adaptation,5,20
101,adaptation,5,15
102,adaptation,5,35
103,adaptation,5,15
104,adaptation,5,35
105,adaptation,5,15
106,adaptation,5,15
107,adaptation,5,20
108,adaptation,5,15
109,adaptation,5,35
110,adaptation,5,20
111,adaptation,5,20
112,adaptation,5,35
113,adaptation,5,20
114,adaptation,5,20
115,adaptation,5,20
116,adaptation,5,20
117,adaptation,5,15
118,adaptation,5,15
119,adaptation,5,15
120,adaptation,5,25
121,adaptation,5,40
122,adaptation,5,40
123,adaptation,5,20
124,adaptation,5,15
125,adaptation,5,15
126,adaptation,5,20
127,adaptation,5,15
128,adaptation,5,30
129,adaptation,5,15
130,adaptation,5,15
131,adaptation,5,20
132,adaptation,5,35
133,adaptation,5,35
134,adaptation,5,30
135,adaptation,5,15
136,adaptation,5,30
137,adaptation,5,25
138,adaptation,5,15
139,adaptation,5,25
140,adaptation,5,15
141,adaptation,5,15
142,adaptation,5,35
143,adaptation,5,15
144,adaptation,5,15
145,adaptation,5,30
146,adaptation,5,25
147,adaptation,5,30
148,adaptation,5,30
149,adaptation,5,15
150,adaptation,5,15
151,adaptation,5,15
152,adaptation,5,15
153,baseline,5,15
154,baseline,5,15
155,baseline,5,25
156,baseline,5,30
157,baseline,5,40
158,baseline,5,15
159,baseline,5,25
160,baseline,5,15
161,baseline,5,15
162,baseline,5,20
163,baseline,5,15
164,baseline,5,25
165,baseline,5,20
166,baseline,5,15
167,baseline,5,35
168,baseline,5,15
169,baseline,5,40
170,baseline,5,20
171,baseline,5,40
172,baseline,5,15
173,baseline,5,15
174,baseline,5,20
175,baseline,5,15
176,baseline,5,20
177,baseline,5,15
178,baseline,5,20
179,baseline,5,35
180,baseline,5,15
181,baseline,5,15
182,baseline,5,15
183,baseline,5,20
184,baseline,5,15
185,baseline,5,20
186,baseline,5,40
187,baseline,5,25
188,baseline,5,35
189,baseline,5,15
190,baseline,5,20
191,baseline,5,35
192,baseline,5,25
193,baseline,5,25
194,baseline,5,35
195,baseline,5,35
196,baseline,5,15
197,baseline,5,15
198,baseline,5,20
199,baseline,5,20
200,baseline,5,40
201,baseline,5,20
202,baseline,5,15
203,baseline,5,15
204,baseline,5,20
205,baseline,5,25
206,baseline,5,20
207,baseline,5,20
208,baseline,5,25
209,baseline,5,20
210,baseline,5,40
211,baseline,5,20
212,baseline,5,25
213,baseline,5,25
214,baseline,5,20
215,baseline,5,15
216,baseline,5,15
217,baseline,5,15
218,baseline,5,25
219,baseline,5,35
220,baseline,5,20
221,baseline,5,20
222,baseline,5,35
223,baseline,5,25
224,baseline,5,40
225,baseline,5,15
226,baseline,5,35
227,baseline,5,30
228,baseline,5,35
229,baseline,5,30
230,baseline,5,15
231,baseline,5,40
232,baseline,5,15
233,baseline,5,35
234,baseline,5,20
235,baseline,5,30
236,baseline,5,35
237,baseline,5,20
238,baseline,5,25
239,baseline,5,35
240,baseline,5,20
241,TP_baseline_to_tsst-prep,5,15
242,TP_baseline_to_tsst-prep,5,15
243,TP_baseline_to_tsst-prep,5,20
244,TP_baseline_to_tsst-prep,5,20
245,TP_baseline_to_tsst-prep,5,25
246,TP_baseline_to_tsst-prep,5,15
247,TP_baseline_to_tsst-prep,5,15
248,TP_baseline_to_tsst-prep,5,20
249,TP_baseline_to_tsst-prep,5,40
250,TP_baseline_to_tsst-prep,5,35
251,TP_baseline_to_tsst-prep,5,25
252,TP_baseline_to_tsst-prep,5,15
253,TP_baseline_to_tsst-prep,5,25
254,TP_baseline_to_tsst-prep,5,15
255,TP_baseline_to_tsst-prep,5,15
256,tsst-prep,5,30
257,tsst-prep,5,35
258,tsst-prep,5,35
259,tsst-prep,5,20
260,tsst-prep,5,30
261,tsst-prep,5,20
262,tsst-prep,5,15
263,tsst-prep,5,30
264,tsst-prep,5,20
265,tsst-prep,5,35
266,tsst-prep,5,25
267,tsst-prep,5,15
268,tsst-prep,5,30
269,tsst-prep,5,20
270,tsst-prep,5,15
271,tsst-prep,5,35
272,tsst-prep,5,25
273,tsst-prep,5,35
274,tsst-prep,5,15
275,tsst-prep,5,25
276,tsst-prep,5,15
277,tsst-prep,5,15
278,tsst-prep,5,25
279,tsst-prep,5,30
280,tsst-prep,5,30
281,tsst-prep,5,30
282,tsst-prep,5,15
283,tsst-prep,5,15
284,tsst-prep,5,20
285,tsst-prep,5,15
286,tsst-prep,5,30
287,tsst-prep,5,30
288,tsst-prep,5,20
289,tsst-prep,5,15
290,tsst-prep,5,20
291,tsst-prep,5,20
292,tsst-prep,5,15
293,tsst-prep,5,25
294,tsst-prep,5,35
295,tsst-prep,5,15
296,tsst-prep,5,35
297,tsst-prep,5,25
298,tsst-prep,5,15
299,tsst-prep,5,25
300,tsst-prep,5,30
301,tsst-prep,5,35
302,tsst-prep,5,20
303,tsst-prep,5,15
304,tsst-prep,5,35
305,tsst-prep,5,15
306,tsst-prep,5,40
307,tsst-prep,5,30
308,tsst-prep,5,20
309,tsst-prep,5,30
310,tsst-prep,5,20
311,tsst-prep,5,20
312,tsst-prep,5,25
313,tsst-prep,5,30
314,tsst-prep,5,20
315,tsst-prep,5,35
316,tsst-prep,5,15
317,tsst-prep,5,15
318,tsst-prep,5,35
319,tsst-prep,5,15
320,tsst-prep,5,35
321,tsst-prep,5,35
322,tsst-prep,5,40
323,tsst-prep,5,15
324,tsst-prep,5,25
325,tsst-prep,5,15
326,tsst-prep,5,25
327,tsst-prep,5,35
328,tsst-prep,5,30
329,tsst-prep,5,20
330,tsst-prep,5,25
331,tsst-prep,5,25
332,tsst-prep,5,20
333,tsst-prep,5,30
334,tsst-prep,5,20
335,tsst-prep,5,35
336,tsst-prep,5,35
337,tsst-prep,5,20
338,tsst-prep,5,20
339,tsst-prep,5,25
340,tsst-prep,5,25
341,tsst-prep,5,35
342,tsst-prep,5,30
343,tsst-speech,5,40
344,tsst-speech,5,20
345,tsst-speech,5,25
346,tsst-speech,5,20
347,tsst-speech,5,35
348,tsst-speech,5,25
349,tsst-speech,5,35
350,tsst-speech,5,15
351,tsst-speech,5,40
352,tsst-speech,5,15
353,tsst-speech,5,20
354,tsst-speech,5,25
355,tsst-speech,5,20
356,tsst-speech,5,40
357,tsst-speech,5,35
358,tsst-speech,5,20
359,tsst-speech,5,15
360,tsst-speech,5,30
361,tsst-speech,5,15
362,tsst-speech,5,20
363,tsst-speech,5,20
364,tsst-speech,5,25
365,tsst-speech,5,30
366,tsst-speech,5,20
367,tsst-speech,5,20
368,tsst-speech,5,40
369,tsst-speech,5,25
370,tsst-speech,5,30
371,tsst-speech,5,35
372,tsst-speech,5,25
373,tsst-speech,5,30
374,tsst-speech,5,30
375,tsst-speech,5,35
376,tsst-speech,5,30
377,tsst-speech,5,15
378,tsst-speech,5,20
379,tsst-speech,5,20
380,tsst-speech,5,25
381,tsst-speech,5,30
382,tsst-speech,5,20
383,tsst-speech,5,35
384,tsst-speech,5,40
385,tsst-speech,5,25
386,tsst-speech,5,15
387,tsst-speech,5,15
388,tsst-speech,5,35
389,tsst-speech,5,30
390,tsst-speech,5,15
391,tsst-speech,5,25
392,tsst-speech,5,15
393,tsst-speech,5,25
394,tsst-speech,5,40
395,tsst-speech,5,25
396,tsst-speech,5,20
397,tsst-speech,5,35
398,tsst-speech,5,25
399,tsst-speech,5,20
400,tsst-speech,5,25
401,tsst-speech,5,25
402,tsst-speech,5,30
403,tsst-speech,5,15
404,tsst-speech,5,30
405,tsst-speech,5,20
406,tsst-speech,5,20
407,tsst-speech,5,20
408,tsst-speech,5,20
409,tsst-speech,5,20
410,tsst-speech,5,15
411,tsst-speech,5,15
412,tsst-speech,5,30
413,tsst-speech,5,15
414,tsst-speech,5,15
415,tsst-speech,5,15
416,tsst-speech,5,20
417,tsst-speech,5,15
418,tsst-speech,5,20
419,tsst-speech,5,15
420,tsst-speech,5,30
421,tsst-speech,5,15
422,tsst-speech,5,15
423,tsst-speech,5,15
424,tsst-speech,5,20
425,tsst-speech,5,30
426,tsst-speech,5,20
427,tsst-speech,5,15
428,tsst-speech,5,15
429,tsst-speech,5,20
430,tsst-speech,5,35
431,tsst-speech,5,15
432,tsst-speech,5,15
433,tsst-speech,5,25
434,tsst-speech,5,20
435,TP_tsst-speech_to_meditation-1,5,40
436,TP_tsst-speech_to_meditation-1,5,30
437,TP_tsst-speech_to_meditation-1,5,40
438,TP_tsst-speech_to_meditation-1,5,30
439,TP_tsst-speech_to_meditation-1,5,25
440,TP_tsst-speech_to_meditation-1,5,30
441,meditation-1,5,35
442,meditation-1,5,15
443,meditation-1,5,40
444,meditation-1,5,15
445,meditation-1,5,25
446,meditation-1,5,40
447,meditation-1,5,30
448,meditation-1,5,20
449,meditation-1,5,15
450,meditation-1,5,15
451,meditation-1,5,35
452,meditation-1,5,40
453,meditation-1,5,30
454,meditation-1,5,15
455,meditation-1,5,30
456,meditation-1,5,30
457,meditation-1,5,15
458,meditation-1,5,15
459,meditation-1,5,15
460,meditation-1,5,30
461,meditation-1,5,25
462,meditation-1,5,15
463,meditation-1,5,15
464,meditation-1,5,40
465,meditation-1,5,30
466,meditation-1,5,30
467,meditation-1,5,30
468,meditation-1,5,30
469,meditation-1,5,15
470,meditation-1,5,25
471,meditation-1,5,35
472,meditation-1,5,30
473,meditation-1,5,20
474,meditation-1,5,30
475,meditation-1,5,15
476,meditation-1,5,20
477,meditation-1,5,15
478,meditation-1,5,30
479,meditation-1,5,30
480,meditation-1,5,30
481,meditation-1,5,40
482,meditation-1,5,25
483,meditation-1,5,15
484,meditation-1,5,20
485,meditation-1,5,25
486,meditation-1,5,25
487,meditation-1,5,15
488,meditation-1,5,30
489,meditation-1,5,40
490,meditation-1,5,20
491,meditation-1,5,30
492,meditation-1,5,20
493,meditation-1,5,30
494,meditation-1,5,15
495,meditation-1,5,20
496,meditation-1,5,40
497,meditation-1,5,15
498,meditation-1,5,25
499,meditation-1,5,40
500,meditation-1,5,40
501,meditation-1,5,20
502,meditation-1,5,20
503,meditation-1,5,15
504,meditation-1,5,20
505,meditation-1,5,20
506,meditation-1,5,20
507,meditation-1,5,20
508,meditation-1,5,20
509,meditation-1,5,25
510,meditation-1,5,15
511,meditation-1,5,15
512,meditation-1,5,15
513,meditation-1,5,35
514,meditation-1,5,15
515,meditation-1,5,15
516,meditation-1,5,20
517,meditation-1,5,20
518,meditation-1,5,15
519,meditation-1,5,15
520,meditation-1,5,40
521,meditation-1,5,25
522,meditation-1,5,25
523,meditation-1,5,30
524,meditation-1,5,20
525,meditation-1,5,20
526,meditation-1,5,15
527,meditation-1,5,40
528,meditation-1,5,20
529,meditation-1,5,30
530,meditation-1,5,30
531,meditation-1,5,20
532,meditation-1,5,30
533,meditation-1,5,20
534,meditation-1,5,35
535,meditation-1,5,25
536,meditation-1,5,30
537,meditation-1,5,25
538,meditation-1,5,20
539,meditation-1,5,20
540,meditation-1,5,15
541,meditation-1,5,15
542,meditation-1,5,15
543,meditation-1,5,25
544,meditation-1,5,40
545,meditation-1,5,20
546,meditation-1,5,20
547,meditation-1,5,25
548,meditation-1,5,30
549,meditation-1,5,20
550,meditation-1,5,20
551,meditation-1,5,20
552,meditation-1,5,35
553,meditation-1,5,30
554,meditation-1,5,35
555,meditation-1,5,20
556,meditation-1,5,15
557,meditation-1,5,30
558,meditation-1,5,15
559,meditation-1,5,30
560,meditation-1,5,20
561,meditation-1,5,25
562,meditation-1,5,35
563,meditation-1,5,25
564,meditation-1,5,30
565,meditation-1,5,15
566,meditation-1,5,30
567,meditation-1,5,35
568,meditation-1,5,35
569,meditation-1,5,25
570,meditation-1,5,25
571,meditation-1,5,40
572,meditation-1,5,15
573,meditation-1,5,15
574,meditation-1,5,35
575,meditation-1,5,15
576,meditation-1,5,15
577,meditation-1,5,15
578,meditation-1,5,20
579,meditation-1,5,15
580,meditation-1,5,35
581,meditation-1,5,15
582,meditation-1,5,15
583,meditation-1,5,15
584,meditation-1,5,35
585,meditation-1,5,15
586,meditation-1,5,20
587,meditation-1,5,20
588,meditation-1,5,35
589,meditation-1,5,40
590,TP_meditation-1_to_screen-reading,5,30
591,TP_meditation-1_to_screen-reading,5,20
592,TP_meditation-1_to_screen-reading,5,25
593,TP_meditation-1_to_screen-reading,5,15
594,TP_meditation-1_to_screen-reading,5,15
595,TP_meditation-1_to_screen-reading,5,20
596,TP_meditation-1_to_screen-reading,5,35
597,TP_meditation-1_to_screen-reading,5,35
598,screen-reading,5,25
599,screen-reading,5,30
600,screen-reading,5,30
601,screen-reading,5,30
602,screen-reading,5,20
603,screen-reading,5,30
604,screen-reading,5,15
605,screen-reading,5,40
606,screen-reading,5,15
607,screen-reading,5,30
608,screen-reading,5,20
609,screen-reading,5,15
610,screen-reading,5,35
611,screen-reading,5,15
612,screen-reading,5,20
613,screen-reading,5,35
614,screen-reading,5,35
615,screen-reading,5,30
616,screen-reading,5,25
617,screen-reading,5,25
618,screen-reading,5,15
619,screen-reading,5,15
620,screen-reading,5,15
621,screen-reading,5,20
622,screen-reading,5,25
623,screen-reading,5,30
624,screen-reading,5,15
625,screen-reading,5,15
626,screen-reading,5,25
627,screen-reading,5,30
628,screen-reading,5,25
629,screen-reading,5,15
630,screen-reading,5,15
631,screen-reading,5,40
632,screen-reading,5,25
633,screen-reading,5,15
634,screen-reading,5,20
635,screen-reading,5,20
636,screen-reading,5,15
637,screen-reading,5,30
638,screen-reading,5,35
639,screen-reading,5,20
640,screen-reading,5,35
641,screen-reading,5,40
642,screen-reading,5,20
643,screen-reading,5,15
644,screen-reading,5,25
645,screen-reading,5,40
646,screen-reading,5,30
647,screen-reading,5,15
648,screen-reading,5,15
649,screen-reading,5,15
650,screen-reading,5,20
651,screen-reading,5,30
652,screen-reading,5,35
653,screen-reading,5,20
654,screen-reading,5,25
655,screen-reading,5,35
656,screen-reading,5,15
657,screen-reading,5,15
658,screen-reading,5,15
659,screen-reading,5,15
660,screen-reading,5,15
661,screen-reading,5,15
662,screen-reading,5,30
663,screen-reading,5,30
664,screen-reading,5,40
665,screen-reading,5,25
666,screen-reading,5,15
667,screen-reading,5,20
668,screen-reading,5,30
669,screen-reading,5,40
670,screen-reading,5,20
671,screen-reading,5,15
672,screen-reading,5,30
673,screen-reading,5,25
674,screen-reading,5,20
675,screen-reading,5,30
676,screen-reading,5,30
677,screen-reading,5,40
678,screen-reading,5,20
679,screen-reading,5,35
680,screen-reading,5,25
681,screen-reading,5,15
682,screen-reading,5,25
683,screen-reading,5,20
684,screen-reading,5,40
685,screen-reading,5,40
686,screen-reading,5,20
687,screen-reading,5,40
688,screen-reading,5,35
689,screen-reading,5,20
690,screen-reading,5,25
691,screen-reading,5,15
692,ssst-prep,5,30
693,ssst-prep,5,30
694,ssst-prep,5,15
695,ssst-prep,5,30
696,ssst-prep,5,35
697,ssst-prep,5,35
698,ssst-prep,5,15
699,ssst-prep,5,15
700,ssst-prep,5,25
701,ssst-prep,5,15
702,ssst-prep,5,15
703,ssst-sing,5,15
704,ssst-sing,5,40
705,ssst-sing,5,20
706,ssst-sing,5,15
707,ssst-sing,5,20
708,ssst-sing,5,15
709,ssst-sing,5,25
710,ssst-sing,5,15
711,ssst-sing,5,15
712,ssst-sing,5,15
713,ssst-sing,5,30
714,ssst-sing,5,15
715,ssst-sing,5,15
716,ssst-sing,5,25
717,TP_ssst-sing_to_meditation-2,5,25
718,TP_ssst-sing_to_meditation-2,5,20
719,TP_ssst-sing_to_meditation-2,5,20
720,TP_ssst-sing_to_meditation-2,5,15
721,meditation-2,5,15
722,meditation-2,5,20
723,meditation-2,5,20
724,meditation-2,5,20
725,meditation-2,5,15
726,meditation-2,5,25
727,meditation-2,5,15
728,meditation-2,5,20
729,meditation-2,5,25
730,meditation-2,5,20
731,meditation-2,5,30
732,meditation-2,5,20
733,meditation-2,5,30
734,meditation-2,5,35
735,meditation-2,5,35
736,meditation-2,5,15
737,meditation-2,5,30
738,meditation-2,5,30
739,meditation-2,5,15
740,meditation-2,5,30
741,meditation-2,5,20
742,meditation-2,5,15
743,meditation-2,5,15
744,meditation-2,5,35
745,meditation-2,5,15
746,meditation-2,5,20
747,meditation-2,5,25
748,meditation-2,5,20
749,meditation-2,5,30
750,meditation-2,5,40
751,meditation-2,5,30
752,meditation-2,5,35
753,meditation-2,5,20
754,meditation-2,5,20
755,meditation-2,5,15
756,meditation-2,5,20
757,meditation-2,5,40
758,meditation-2,5,20
759,meditation-2,5,30
760,meditation-2,5,35
761,meditation-2,5,40
762,meditation-2,5,20
763,meditation-2,5,25
764,meditation-2,5,15
765,meditation-2,5,40
766,meditation-2,5,15
767,meditation-2,5,15
768,meditation-2,5,15
769,meditation-2,5,40
770,meditation-2,5,15
771,meditation-2,5,15
772,meditation-2,5,15
773,meditation-2,5,15
774,meditation-2,5,25
775,meditation-2,5,15
776,meditation-2,5,40
777,meditation-2,5,40
778,meditation-2,5,30
779,meditation-2,5,35
780,meditation-2,5,20
781,meditation-2,5,35
782,meditation-2,5,15
783,meditation-2,5,15
784,meditation-2,5,25
785,meditation-2,5,25
786,meditation-2,5,15
787,meditation-2,5,20
788,meditation-2,5,15
789,meditation-2,5,20
790,meditation-2,5,15
791,meditation-2,5,15
792,meditation-2,5,15
793,meditation-2,5,25
794,meditation-2,5,40
795,meditation-2,5,40
796,meditation-2,5,20
797,meditation-2,5,40
798,meditation-2,5,35
799,meditation-2,5,40
800,meditation-2,5,15
801,meditation-2,5,40
802,meditation-2,5,25
803,meditation-2,5,25
804,meditation-2,5,15
805,meditation-2,5,25
806,meditation-2,5,30
807,meditation-2,5,30
808,meditation-2,5,30
809,meditation-2,5,40
810,meditation-2,5,15
811,meditation-2,5,15
812,meditation-2,5,25
813,meditation-2,5,30
814,meditation-2,5,15
815,meditation-2,5,25
816,meditation-2,5,25
817,meditation-2,5,30
818,meditation-2,5,15
819,meditation-2,5,30
820,meditation-2,5,15
821,meditation-2,5,15
822,meditation-2,5,15
823,meditation-2,5,25
824,meditation-2,5,20
825,meditation-2,5,30
826,meditation-2,5,15
827,meditation-2,5,30
828,meditation-2,5,35
829,meditation-2,5,25
830,meditation-2,5,35
831,meditation-2,5,15
832,meditation-2,5,15
833,meditation-2,5,15
834,meditation-2,5,20
835,meditation-2,5,25
836,meditation-2,5,15
837,meditation-2,5,30
838,meditation-2,5,25
839,meditation-2,5,15
840,meditation-2,5,15
841,meditation-2,5,15
842,meditation-2,5,15
843,meditation-2,5,40
844,meditation-2,5,20
845,meditation-2,5,35
846,meditation-2,5,40
847,meditation-2,5,40
848,meditation-2,5,20
849,meditation-2,5,15
850,meditation-2,5,20
851,meditation-2,5,40
852,meditation-2,5,20
853,meditation-2,5,25
854,meditation-2,5,40
855,meditation-2,5,15
856,meditation-2,5,15
857,meditation-2,5,15
858,meditation-2,5,30
859,meditation-2,5,40
860,meditation-2,5,15
861,meditation-2,5,25
862,meditation-2,5,15
863,meditation-2,5,15
864,meditation-2,5,20
865,meditation-2,5,15
866,meditation-2,5,40
867,meditation-2,5,15
868,meditation-2,5,25
869,meditation-2,5,25
870,meditation-2,5,25
871,meditation-2,5,20
872,TP_meditation-2_to_keyboard-typing,5,15
873,TP_meditation-2_to_keyboard-typing,5,15
874,TP_meditation-2_to_keyboard-typing,5,25
875,TP_meditation-2_to_keyboard-typing,5,25
876,TP_meditation-2_to_keyboard-typing,5,20
877,TP_meditation-2_to_keyboard-typing,5,15
878,TP_meditation-2_to_keyboard-typing,5,15
879,TP_meditation-2_to_keyboard-typing,5,15
880,TP_meditation-2_to_keyboard-typing,5,35
881,keyboard-typing,5,15
882,keyboard-typing,5,30
883,keyboard-typing,5,20
884,keyboard-typing,5,40
885,keyboard-typing,5,40
886,keyboard-typing,5,25
887,keyboard-typing,5,30
888,keyboard-typing,5,25
889,keyboard-typing,5,20
890,keyboard-typing,5,15
891,keyboard-typing,5,15
892,keyboard-typing,5,15
893,keyboard-typing,5,15
894,keyboard-typing,5,20
895,keyboard-typing,5,25
896,keyboard-typing,5,30
897,keyboard-typing,5,15
898,keyboard-typing,5,15
899,keyboard-typing,5,15
900,keyboard-typing,5,25
901,keyboard-typing,5,15
902,keyboard-typing,5,15
903,keyboard-typing,5,35
904,keyboard-typing,5,35
905,keyboard-typing,5,15
906,keyboard-typing,5,30
907,keyboard-typing,5,30
908,keyboard-typing,5,15
909,keyboard-typing,5,20
910,keyboard-typing,5,15
911,keyboard-typing,5,20
912,keyboard-typing,5,15
913,keyboard-typing,5,30
914,keyboard-typing,5,20
915,keyboard-typing,5,25
916,keyboard-typing,5,15
917,keyboard-typing,5,20
918,keyboard-typing,5,15
919,keyboard-typing,5,25
920,keyboard-typing,5,25
921,keyboard-typing,5,20
922,keyboard-typing,5,20
923,keyboard-typing,5,40
924,keyboard-typing,5,20
925,keyboard-typing,5,15
926,keyboard-typing,5,35
927,keyboard-typing,5,40
928,keyboard-typing,5,20
929,keyboard-typing,5,15
930,keyboard-typing,5,30
931,keyboard-typing,5,25
932,keyboard-typing,5,20
933,keyboard-typing,5,15
934,keyboard-typing,5,20
935,keyboard-typing,5,30
936,keyboard-typing,5,20
937,keyboard-typing,5,15
938,keyboard-typing,5,30
939,keyboard-typing,5,15
940,keyboard-typing,5,20
941,keyboard-typing,5,15
942,keyboard-typing,5,20
943,keyboard-typing,5,15
944,keyboard-typing,5,20
945,keyboard-typing,5,15
946,keyboard-typing,5,35
947,keyboard-typing,5,20
948,keyboard-typing,5,30
949,keyboard-typing,5,15
950,keyboard-typing,5,20
951,keyboard-typing,5,25
952,keyboard-typing,5,30
953,keyboard-typing,5,20
954,keyboard-typing,5,40
955,keyboard-typing,5,15
956,keyboard-typing,5,30
957,keyboard-typing,5,25
958,keyboard-typing,5,20
959,keyboard-typing,5,15
960,keyboard-typing,5,15
961,keyboard-typing,5,25
962,keyboard-typing,5,35
963,keyboard-typing,5,35
964,keyboard-typing,5,20
965,keyboard-typing,5,20
966,keyboard-typing,5,15
967,keyboard-typing,5,20
968,keyboard-typing,5,40
969,keyboard-typing,5,15
970,keyboard-typing,5,35
971,keyboard-typing,5,35
972,rest-1,5,25
973,rest-1,5,35
974,rest-1,5,40
975,rest-1,5,25
976,rest-1,5,30
977,rest-1,5,40
978,rest-1,5,30
979,rest-1,5,35
980,rest-1,5,25
981,rest-1,5,30
982,rest-1,5,40
983,rest-1,5,30
984,rest-1,5,30
985,rest-1,5,35
986,rest-1,5,15
987,rest-1,5,15
988,rest-1,5,40
989,rest-1,5,25
990,rest-1,5,15
991,rest-1,5,40
992,rest-1,5,15
993,rest-1,5,25
994,rest-1,5,15
995,rest-1,5,15
996,rest-1,5,15
997,rest-1,5,30
998,rest-1,5,15
999,rest-1,5,15
1000,rest-1,5,15
1001,rest-1,5,30
1002,rest-1,5,25
1003,rest-1,5,15
1004,rest-1,5,30
1005,rest-1,5,15
1006,rest-1,5,15
1007,rest-1,5,20
1008,rest-1,5,20
1009,rest-1,5,15
1010,rest-1,5,15
1011,rest-1,5,40
1012,rest-1,5,25
1013,rest-1,5,25
1014,rest-1,5,30
1015,rest-1,5,35
1016,rest-1,5,35
1017,rest-1,5,30
1018,rest-1,5,25
1019,rest-1,5,15
1020,rest-1,5,15
1021,rest-1,5,25
1022,rest-1,5,20
1023,rest-1,5,15
1024,rest-1,5,40
1025,rest-1,5,15
1026,rest-1,5,30
1027,rest-1,5,15
1028,rest-1,5,25
1029,rest-1,5,30
1030,rest-1,5,15
1031,TP_rest-1_to_mobile-typing,5,25
1032,TP_rest-1_to_mobile-typing,5,20
1033,TP_rest-1_to_mobile-typing,5,25
1034,mobile-typing,5,25
1035,mobile-typing,5,20
1036,mobile-typing,5,25
1037,mobile-typing,5,20
1038,mobile-typing,5,15
1039,mobile-typing,5,20
1040,mobile-typing,5,15
1041,mobile-typing,5,35
1042,mobile-typing,5,30
1043,mobile-typing,5,30
1044,mobile-typing,5,20
1045,mobile-typing,5,25
1046,mobile-typing,5,15
1047,mobile-typing,5,20
1048,mobile-typing,5,25
1049,mobile-typing,5,40
1050,mobile-typing,5,30
1051,mobile-typing,5,25
1052,mobile-typing,5,15
1053,mobile-typing,5,35
1054,mobile-typing,5,35
1055,mobile-typing,5,20
1056,mobile-typing,5,15
1057,mobile-typing,5,15
1058,mobile-typing,5,15
1059,mobile-typing,5,20
1060,mobile-typing,5,15
1061,mobile-typing,5,25
1062,mobile-typing,5,15
1063,mobile-typing,5,25
1064,mobile-typing,5,20
1065,mobile-typing,5,30
1066,mobile-typing,5,25
1067,mobile-typing,5,20
1068,mobile-typing,5,40
1069,mobile-typing,5,20
1070,mobile-typing,5,15
1071,mobile-typing,5,20
1072,mobile-typing,5,30
1073,mobile-typing,5,35
1074,mobile-typing,5,15
1075,mobile-typing,5,15
1076,mobile-typing,5,15
1077,mobile-typing,5,20
1078,mobile-typing,5,20
1079,mobile-typing,5,20
1080,mobile-typing,5,15
1081,mobile-typing,5,15
1082,mobile-typing,5,40
1083,mobile-typing,5,25
1084,mobile-typing,5,15
1085,mobile-typing,5,15
1086,mobile-typing,5,30
1087,mobile-typing,5,20
1088,mobile-typing,5,25
1089,mobile-typing,5,40
1090,mobile-typing,5,15
1091,mobile-typing,5,15
1092,mobile-typing,5,20
1093,mobile-typing,5,35
1094,mobile-typing,5,15
1095,mobile-typing,5,25
1096,mobile-typing,5,15
1097,mobile-typing,5,15
1098,mobile-typing,5,15
1099,mobile-typing,5,15
1100,mobile-typing,5,20
1101,mobile-typing,5,40
1102,mobile-typing,5,40
1103,mobile-typing,5,25
1104,mobile-typing,5,15
1105,mobile-typing,5,30
1106,mobile-typing,5,20
1107,mobile-typing,5,15
1108,mobile-typing,5,20
1109,mobile-typing,5,30
1110,mobile-typing,5,30
1111,mobile-typing,5,15
1112,mobile-typing,5,15
1113,mobile-typing,5,15
1114,mobile-typing,5,25
1115,mobile-typing,5,35
1116,mobile-typing,5,25
1117,mobile-typing,5,15
1118,mobile-typing,5,40
1119,mobile-typing,5,35
1120,mobile-typing,5,15
1121,mobile-typing,5,20
1122,mobile-typing,5,20
1123,mobile-typing,5,20
1124,mobile-typing,5,15
1125,mobile-typing,5,15
1126,rest-2,5,25
1127,rest-2,5,20
1128,rest-2,5,20
1129,rest-2,5,25
1130,rest-2,5,20
1131,rest-2,5,20
1132,rest-2,5,20
1133,rest-2,5,15
1134,rest-2,5,20
1135,rest-2,5,15
1136,rest-2,5,25
1137,rest-2,5,15
1138,rest-2,5,15
1139,rest-2,5,30
1140,rest-2,5,15
1141,rest-2,5,30
1142,rest-2,5,20
1143,rest-2,5,15
1144,rest-2,5,20
1145,rest-2,5,25
1146,rest-2,5,35
1147,rest-2,5,15
1148,rest-2,5,40
1149,rest-2,5,20
1150,rest-2,5,20
1151,rest-2,5,30
1152,rest-2,5,35
1153,rest-2,5,20
1154,rest-2,5,20
1155,rest-2,5,15
1156,rest-2,5,20
1157,rest-2,5,25
1158,rest-2,5,15
1159,rest-2,5,15
1160,rest-2,5,15
1161,rest-2,5,15
1162,rest-2,5,25
1163,rest-2,5,20
1164,rest-2,5,15
1165,rest-2,5,35
1166,rest-2,5,20
1167,rest-2,5,15
1168,rest-2,5,25
1169,rest-2,5,20
1170,rest-2,5,15
1171,rest-2,5,15
1172,rest-2,5,40
1173,rest-2,5,20
1174,rest-2,5,20
1175,rest-2,5,20
1176,rest-2,5,15
1177,rest-2,5,15
1178,rest-2,5,40
1179,rest-2,5,20
1180,rest-2,5,25
1181,rest-2,5,35
1182,rest-2,5,20
1183,rest-2,5,25
1184,rest-2,5,15
1185,rest-2,5,25
1186,rest-2,5,15
1187,rest-2,5,15
1188,rest-2,5,30
1189,rest-2,5,15
1190,standing,5,15
1191,standing,5,15
1192,standing,5,25
1193,standing,5,15
1194,standing,5,15
1195,standing,5,40
1196,standing,5,15
1197,standing,5,20
1198,standing,5,20
1199,standing,5,40
1200,standing,5,20
1201,standing,5,15
1202,standing,5,15
1203,standing,5,30
1204,standing,5,20
1205,standing,5,40
1206,standing,5,20
1207,standing,5,20
1208,standing,5,25
1209,standing,5,15
1210,standing,5,15
1211,standing,5,30
1212,standing,5,25
1213,standing,5,15
1214,standing,5,40
1215,standing,5,15
1216,standing,5,20
1217,standing,5,20
1218,standing,5,25
1219,standing,5,25
1220,standing,5,25
1221,standing,5,15
1222,standing,5,40
1223,standing,5,15
1224,standing,5,30
1225,standing,5,30
1226,standing,5,25
1227,standing,5,15
1228,standing,5,20
1229,standing,5,40
1230,standing,5,20
1231,standing,5,15
1232,standing,5,30
1233,standing,5,35
1234,standing,5,25
1235,standing,5,40
1236,standing,5,15
1237,standing,5,15
1238,standing,5,30
1239,standing,5,40
1240,standing,5,20
1241,standing,5,15
1242,standing,5,25
1243,standing,5,25
1244,standing,5,15
1245,standing,5,15
1246,standing,5,20
1247,standing,5,40
1248,standing,5,20
1249,standing,5,15
1250,standing,5,35
1251,standing,5,15
1252,standing,5,20
1253,standing,5,15
1254,standing,5,20
1255,standing,5,35
1256,standing,5,15
1257,standing,5,15
1258,standing,5,35
1259,standing,5,25
1260,standing,5,40
1261,standing,5,35
1262,standing,5,30
1263,standing,5,15
1264,standing,5,20
1265,standing,5,20
1266,standing,5,30
1267,standing,5,20
1268,standing,5,30
1269,standing,5,30
1270,standing,5,35
1271,standing,5,20
1272,standing,5,15
1273,standing,5,30
1274,standing,5,35
1275,standing,5,15
1276,standing,5,15
1277,standing,5,15
1278,standing,5,35
1279,rest-3,5,30
1280,rest-3,5,20
1281,rest-3,5,15
1282,rest-3,5,40
1283,rest-3,5,25
1284,rest-3,5,20
1285,rest-3,5,15
1286,rest-3,5,15
1287,rest-3,5,40
1288,rest-3,5,20
1289,rest-3,5,15
1290,rest-3,5,15
1291,rest-3,5,15
1292,rest-3,5,35
1293,rest-3,5,30
1294,rest-3,5,15
1295,rest-3,5,15
1296,rest-3,5,35
1297,rest-3,5,15
1298,rest-3,5,15
1299,rest-3,5,20
1300,rest-3,5,40
1301,rest-3,5,15
1302,rest-3,5,25
1303,rest-3,5,35
1304,rest-3,5,15
1305,rest-3,5,15
1306,rest-3,5,20
1307,rest-3,5,15
1308,rest-3,5,20
1309,rest-3,5,15
1310,rest-3,5,20
1311,rest-3,5,20
1312,rest-3,5,20
1313,rest-3,5,30
1314,rest-3,5,15
1315,rest-3,5,15
1316,rest-3,5,30
1317,rest-3,5,20
1318,rest-3,5,40
1319,rest-3,5,15
1320,rest-3,5,35
1321,rest-3,5,25
1322,rest-3,5,20
1323,rest-3,5,20
1324,rest-3,5,35
1325,rest-3,5,20
1326,rest-3,5,20
1327,rest-3,5,15
1328,rest-3,5,15
1329,rest-3,5,15
1330,rest-3,5,15
1331,rest-3,5,15
1332,rest-3,5,15
1333,rest-3,5,15
1334,rest-3,5,15
1335,rest-3,5,15
1336,rest-3,5,30
1337,rest-3,5,30
1338,rest-3,5,30
1339,rest-3,5,35
1340,rest-3,5,15
1341,rest-3,5,35
1342,rest-3,5,15
1343,rest-3,5,15
1344,rest-3,5,15
1345,rest-3,5,15
1346,rest-3,5,40
1347,rest-3,5,40
1348,rest-3,5,20
1349,TP_rest-3_to_walking,5,15
1350,TP_rest-3_to_walking,5,20
1351,TP_rest-3_to_walking,5,25
1352,TP_rest-3_to_walking,5,20
1353,TP_rest-3_to_walking,5,15
1354,TP_rest-3_to_walking,5,15
1355,TP_rest-3_to_walking,5,35
1356,TP_rest-3_to_walking,5,30
1357,TP_rest-3_to_walking,5,25
1358,TP_rest-3_to_walking,5,20
1359,TP_rest-3_to_walking,5,20
1360,TP_rest-3_to_walking,5,25
1361,TP_rest-3_to_walking,5,30
1362,walking,5,15
1363,walking,5,20
1364,walking,5,20
1365,walking,5,15
1366,walking,5,20
1367,walking,5,25
1368,walking,5,20
1369,walking,5,20
1370,walking,5,40
1371,walking,5,35
1372,walking,5,15
1373,walking,5,15
1374,walking,5,40
1375,walking,5,30
1376,walking,5,30
1377,walking,5,35
1378,walking,5,40
1379,walking,5,25
1380,walking,5,15
1381,walking,5,40
1382,walking,5,20
1383,walking,5,40
1384,walking,5,25
1385,walking,5,25
1386,walking,5,25
1387,walking,5,25
1388,walking,5,20
1389,walking,5,30
1390,walking,5,25
1391,walking,5,25
1392,walking,5,25
1393,walking,5,15
1394,walking,5,40
1395,walking,5,40
1396,walking,5,30
1397,walking,5,15
1398,walking,5,30
1399,walking,5,15
1400,walking,5,15
1401,walking,5,20
1402,walking,5,25
1403,walking,5,25
1404,walking,5,30
1405,walking,5,25
1406,walking,5,20
1407,walking,5,20
1408,walking,5,25
1409,walking,5,40
1410,walking,5,15
1411,walking,5,15
1412,walking,5,35
1413,walking,5,15
1414,walking,5,40
1415,walking,5,40
1416,walking,5,20
1417,walking,5,30
1418,walking,5,35
1419,rest-4,5,20
1420,rest-4,5,40
1421,rest-4,5,40
1422,rest-4,5,15
1423,rest-4,5,35
1424,rest-4,5,35
1425,rest-4,5,25
1426,rest-4,5,15
1427,rest-4,5,15
1428,rest-4,5,30
1429,rest-4,5,25
1430,rest-4,5,35
1431,rest-4,5,40
1432,rest-4,5,25
1433,rest-4,5,15
1434,rest-4,5,35
1435,rest-4,5,20
1436,rest-4,5,40
1437,rest-4,5,20
1438,rest-4,5,15
1439,rest-4,5,15
1440,rest-4,5,30
1441,rest-4,5,15
1442,rest-4,5,30
1443,rest-4,5,20
1444,rest-4,5,15
1445,rest-4,5,20
1446,rest-4,5,20
1447,rest-4,5,20
1448,rest-4,5,15
1449,rest-4,5,15
1450,rest-4,5,25
1451,rest-4,5,15
1452,rest-4,5,15
1453,rest-4,5,15
1454,rest-4,5,15
1455,rest-4,5,20
1456,rest-4,5,20
1457,rest-4,5,40
1458,rest-4,5,15
1459,rest-4,5,20
1460,rest-4,5,15
1461,rest-4,5,25
1462,rest-4,5,15
1463,rest-4,5,15
1464,rest-4,5,15
1465,rest-4,5,15
1466,rest-4,5,20
1467,rest-4,5,15
1468,rest-4,5,15
1469,rest-4,5,15
1470,rest-4,5,15
1471,rest-4,5,20
1472,rest-4,5,40
1473,rest-4,5,15
1474,rest-4,5,20
1475,rest-4,5,15
1476,rest-4,5,20
1477,rest-4,5,15
1478,rest-4,5,15
1479,rest-4,5,15
1480,rest-4,5,15
1481,rest-4,5,35
1482,rest-4,5,15
1483,rest-4,5,15
1484,rest-4,5,25
1485,rest-4,5,40
1486,rest-4,5,40
1487,rest-4,5,15
1488,rest-4,5,30
1489,rest-4,5,40
1490,rest-4,5,15
1491,rest-4,5,20
1492,rest-4,5,15
1493,rest-4,5,25
1494,rest-4,5,35
1495,rest-4,5,15
1496,rest-4,5,35
1497,rest-4,5,15
1498,rest-4,5,15
1499,rest-4,5,15
1500,rest-4,5,25
1501,rest-4,5,15
1502,jogging,5,25
1503,jogging,5,15
1504,jogging,5,25
1505,jogging,5,20
1506,jogging,5,20
1507,jogging,5,35
1508,jogging,5,35
1509,jogging,5,30
1510,jogging,5,20
1511,jogging,5,35
1512,jogging,5,40
1513,jogging,5,40
1514,jogging,5,20
1515,jogging,5,30
1516,jogging,5,40
1517,jogging,5,25
1518,jogging,5,25
1519,jogging,5,25
1520,jogging,5,30
1521,jogging,5,35
1522,jogging,5,40
1523,jogging,5,40
1524,jogging,5,30
1525,jogging,5,35
1526,jogging,5,40
1527,jogging,5,35
1528,jogging,5,35
1529,jogging,5,35
1530,jogging,5,35
1531,jogging,5,30
1532,jogging,5,30
1533,jogging,5,30
1534,jogging,5,30
1535,jogging,5,25
1536,jogging,5,35
1537,jogging,5,30
1538,jogging,5,15
1539,jogging,5,35
1540,jogging,5,30
1541,jogging,5,30
1542,jogging,5,30
1543,jogging,5,20
1544,jogging,5,25
1545,jogging,5,20
1546,jogging,5,25
1547,jogging,5,30
1548,jogging,5,20
1549,jogging,5,15
1550,jogging,5,35
1551,jogging,5,15
1552,jogging,5,30
1553,jogging,5,15
1554,jogging,5,15
1555,jogging,5,15
1556,jogging,5,40
1557,jogging,5,35
1558,jogging,5,15
1559,rest-5,5,25
1560,rest-5,5,15
1561,rest-5,5,15
1562,rest-5,5,35
1563,rest-5,5,25
1564,rest-5,5,35
1565,rest-5,5,15
1566,rest-5,5,30
1567,rest-5,5,40
1568,rest-5,5,25
1569,rest-5,5,30
1570,rest-5,5,20
1571,rest-5,5,20
1572,rest-5,5,20
1573,rest-5,5,40
1574,rest-5,5,35
1575,rest-5,5,40
1576,rest-5,5,35
1577,rest-5,5,25
1578,rest-5,5,20
1579,rest-5,5,15
1580,rest-5,5,20
1581,rest-5,5,35
1582,rest-5,5,20
1583,rest-5,5,25
1584,rest-5,5,30
1585,rest-5,5,30
1586,rest-5,5,20
1587,rest-5,5,35
1588,rest-5,5,25
1589,rest-5,5,35
1590,rest-5,5,15
1591,rest-5,5,20
1592,rest-5,5,25
1593,rest-5,5,35
1594,rest-5,5,40
1595,rest-5,5,30
1596,rest-5,5,30
1597,rest-5,5,25
1598,rest-5,5,25
1599,rest-5,5,30
1600,rest-5,5,15
1601,rest-5,5,20
1602,rest-5,5,25
1603,rest-5,5,40
1604,rest-5,5,20
1605,rest-5,5,35
1606,rest-5,5,30
1607,rest-5,5,20
1608,rest-5,5,30
1609,rest-5,5,25
1610,rest-5,5,25
1611,rest-5,5,15
1612,rest-5,5,40
1613,rest-5,5,15
1614,rest-5,5,25
1615,rest-5,5,15
1616,rest-5,5,25
1617,rest-5,5,20
1618,rest-5,5,35
1619,rest-5,5,30
1620,rest-5,5,30
1621,rest-5,5,40
1622,rest-5,5,25
1623,rest-5,5,25
1624,rest-5,5,40
1625,rest-5,5,20
1626,rest-5,5,25
1627,rest-5,5,15
1628,rest-5,5,15
1629,rest-5,5,20
1630,rest-5,5,30
1631,rest-5,5,15
1632,rest-5,5,20
1633,rest-5,5,25
1634,rest-5,5,30
1635,rest-5,5,20
1636,rest-5,5,25
1637,rest-5,5,25
1638,rest-5,5,25
1639,rest-5,5,20
1640,rest-5,5,15
1641,rest-5,5,25
1642,rest-5,5,30
1643,rest-5,5,35
1644,rest-5,5,15
1645,rest-5,5,15
1646,rest-5,5,25
1647,rest-5,5,15
1648,rest-5,5,35
1649,rest-5,5,25
1650,rest-5,5,20
1651,rest-5,5,25
1652,rest-5,5,15
1653,rest-5,5,15
1654,rest-5,5,15
1655,rest-5,5,15
1656,rest-5,5,15
1657,rest-5,5,35
1658,rest-5,5,15
1659,rest-5,5,30
1660,rest-5,5,30
1661,rest-5,5,35
1662,TP_rest-5_to_running,5,25
1663,TP_rest-5_to_running,5,15
1664,TP_rest-5_to_running,5,15
1665,TP_rest-5_to_running,5,15
1666,TP_rest-5_to_running,5,15
1667,TP_rest-5_to_running,5,20
1668,TP_rest-5_to_running,5,15
1669,TP_rest-5_to_running,5,30
1670,TP_rest-5_to_running,5,30
1671,TP_rest-5_to_running,5,30
1672,TP_rest-5_to_running,5,30
1673,TP_rest-5_to_running,5,20
1674,TP_rest-5_to_running,5,25
1675,TP_rest-5_to_running,5,15
1676,TP_rest-5_to_running,5,30
1677,running,5,20
1678,running,5,15
1679,running,5,20
1680,running,5,20
1681,running,5,40
1682,running,5,20
1683,running,5,35
1684,running,5,25
1685,running,5,25
1686,running,5,15
1687,running,5,15
1688,running,5,30
1689,running,5,35
1690,running,5,20
1691,running,5,15
1692,running,5,15
1693,running,5,25
1694,running,5,35
1695,running,5,15
1696,running,5,20
1697,running,5,25
1698,running,5,25
1699,running,5,40
1700,running,5,25
1701,running,5,25
1702,running,5,20
1703,running,5,20
1704,running,5,15
1705,running,5,40
1706,running,5,35
1707,running,5,35
1708,running,5,25
1709,running,5,15
1710,running,5,35
1711,running,5,15
1712,running,5,15
1713,running,5,15
1714,running,5,15
1715,running,5,40
1716,running,5,15
1717,running,5,35
1718,running,5,30
1719,running,5,30
1720,running,5,40
1721,running,5,15
1722,running,5,25
1723,running,5,35
1724,running,5,25
1725,running,5,15
1726,running,5,15
1727,running,5,15
1728,running,5,15
1729,running,5,40
1730,running,5,30
1731,running,5,40
1732,running,5,40
1733,running,5,35
1734,running,5,20
